filename,contorno,numeros,agujas;;;
correct/reloj_001.jpg,1,0,0;;;
correct/reloj_002.jpg,1,0,0;;;
correct/reloj_003.jpg,1,0,0;;;
correct/reloj_004.jpg,1,0,0;;;
correct/reloj_005.jpg,1,0,0;;;
correct/reloj_006.jpg,1,0,0;;;
correct/reloj_007.jpg,1,0,0;;;
correct/reloj_008.jpg,1,0,0;;;
correct/reloj_009.jpg,1,0,0;;;
correct/reloj_010.jpg,1,0,0;;;
correct/reloj_011.png,0,0,1;;;
correct/reloj_012.png,0,0,1;;;
correct/reloj_013.png,0,0,1;;;
correct/reloj_014.png,0,0,1;;;
correct/reloj_015.png,0,0,1;;;
correct/reloj_016.png,0,0,1;;;
correct/reloj_017.png,0,0,1;;;
correct/reloj_018.png,0,0,1;;;
correct/reloj_019.png,0,1,0;;;
correct/reloj_020.jpg,1,0,0;;;
correct/reloj_021.png,0,1,0;;;
correct/reloj_022.png,0,1,1;;;
correct/reloj_023.png,0,1,1;;;
correct/reloj_024.png,0,1,1;;;
correct/reloj_025.png,0,1,0;;;
correct/reloj_026.png,0,1,0;;;
correct/reloj_027.png,0,1,1;;;
correct/reloj_028.png,0,1,1;;;
correct/reloj_029.png,0,1,1;;;
correct/reloj_030.png,0,1,0;;;
correct/reloj_031.jpg,1,0,0;;;
correct/reloj_032.png,0,1,0;;;
correct/reloj_033.png,0,1,1;;;
correct/reloj_034.png,0,1,1;;;
correct/reloj_035.png,0,1,1;;;
correct/reloj_036.png,0,1,0;;;
correct/reloj_037.png,0,1,1;;;
correct/reloj_038.png,0,1,1;;;
correct/reloj_039.png,0,1,1;;;
correct/reloj_040.png,1,1,0;;;
correct/reloj_041.png,1,1,0;;;
correct/reloj_042.jpg,1,0,0;;;
correct/reloj_043.png,1,1,0;;;
correct/reloj_044.png,1,1,0;;;
correct/reloj_045.png,1,1,0;;;
correct/reloj_046.png,1,1,0;;;
correct/reloj_047.png,1,1,1;;;
correct/reloj_048.png,1,1,1;;;
correct/reloj_049.png,1,1,1;;;
correct/reloj_050.png,1,1,0;;;
correct/reloj_051.png,1,1,0;;;
correct/reloj_052.png,1,1,1;;;
correct/reloj_053.jpg,1,0,0;;;
correct/reloj_054.png,1,1,1;;;
correct/reloj_055.png,1,1,1;;;
correct/reloj_056.png,0,0,1;;;
correct/reloj_057.png,0,0,1;;;
correct/reloj_058.png,0,0,1;;;
correct/reloj_059.png,0,0,1;;;
correct/reloj_060.png,0,0,1;;;
correct/reloj_061.png,0,0,1;;;
correct/reloj_062.png,0,0,1;;;
correct/reloj_063.png,0,0,1;;;
correct/reloj_064.jpg,1,0,0;;;
correct/reloj_065.png,0,0,1;;;
correct/reloj_066.png,0,0,1;;;
correct/reloj_067.png,0,0,1;;;
correct/reloj_068.png,0,0,1;;;
correct/reloj_069.png,0,0,1;;;
correct/reloj_070.png,0,0,1;;;
correct/reloj_071.png,0,0,1;;;
correct/reloj_072.png,0,1,0;;;
correct/reloj_073.png,0,1,0;;;
correct/reloj_074.png,0,1,1;;;
correct/reloj_075.jpg,1,0,0;;;
correct/reloj_076.png,0,1,1;;;
correct/reloj_077.png,0,1,1;;;
correct/reloj_078.png,0,1,0;;;
correct/reloj_079.png,0,1,0;;;
correct/reloj_080.png,0,1,1;;;
correct/reloj_081.png,0,1,1;;;
correct/reloj_082.png,0,1,1;;;
correct/reloj_083.png,0,1,0;;;
correct/reloj_084.png,0,1,0;;;
correct/reloj_085.png,0,1,1;;;
correct/reloj_086.jpg,1,0,0;;;
correct/reloj_087.png,0,1,1;;;
correct/reloj_088.png,0,1,1;;;
correct/reloj_089.png,0,1,0;;;
correct/reloj_090.png,0,1,1;;;
correct/reloj_091.png,0,1,1;;;
correct/reloj_092.png,0,1,1;;;
correct/reloj_093.png,1,1,0;;;
correct/reloj_094.png,1,1,0;;;
correct/reloj_095.png,1,1,0;;;
correct/reloj_096.png,1,1,0;;;
correct/reloj_097.jpg,1,0,0;;;
correct/reloj_098.png,1,1,0;;;
correct/reloj_099.png,1,1,0;;;
correct/reloj_100.png,1,1,1;;;
correct/reloj_101.png,1,1,1;;;
correct/reloj_102.png,1,1,1;;;
correct/reloj_103.png,1,1,0;;;
correct/reloj_104.png,1,1,0;;;
correct/reloj_105.png,1,1,1;;;
correct/reloj_106.png,1,1,1;;;
correct/reloj_107.png,1,1,1;;;
correct/reloj_108.jpg,1,0,0;;;
correct/reloj_109.png,0,0,1;;;
correct/reloj_110.png,0,0,1;;;
correct/reloj_111.png,0,0,1;;;
correct/reloj_112.png,0,0,1;;;
correct/reloj_113.png,0,0,1;;;
correct/reloj_114.png,0,0,1;;;
correct/reloj_115.png,0,0,1;;;
correct/reloj_116.png,0,0,1;;;
correct/reloj_117.png,0,0,1;;;
correct/reloj_118.png,0,0,1;;;
correct/reloj_119.jpg,1,0,0;;;
correct/reloj_120.png,0,0,1;;;
correct/reloj_121.png,0,0,1;;;
correct/reloj_122.png,0,0,1;;;
correct/reloj_123.png,0,0,1;;;
correct/reloj_124.png,0,1,0;;;
correct/reloj_125.png,0,1,0;;;
correct/reloj_126.png,0,1,1;;;
correct/reloj_127.png,0,1,1;;;
correct/reloj_128.png,0,1,1;;;
correct/reloj_129.png,0,1,0;;;
correct/reloj_130.jpg,1,0,0;;;
correct/reloj_131.png,0,1,0;;;
correct/reloj_132.png,0,1,1;;;
correct/reloj_133.png,0,1,1;;;
correct/reloj_134.png,0,1,1;;;
correct/reloj_135.png,0,1,0;;;
correct/reloj_136.png,0,1,0;;;
correct/reloj_137.png,0,1,1;;;
correct/reloj_138.png,0,1,1;;;
correct/reloj_139.png,0,1,1;;;
correct/reloj_140.png,0,1,0;;;
correct/reloj_141.jpg,1,0,0;;;
correct/reloj_142.png,0,1,1;;;
correct/reloj_143.png,0,1,1;;;
correct/reloj_144.png,0,1,1;;;
correct/reloj_145.png,1,1,0;;;
correct/reloj_146.png,1,1,0;;;
correct/reloj_147.png,1,1,0;;;
correct/reloj_148.png,1,1,0;;;
correct/reloj_149.png,1,1,0;;;
correct/reloj_150.png,1,1,0;;;
correct/reloj_151.png,1,1,1;;;
correct/reloj_152.jpg,1,0,0;;;
correct/reloj_153.png,1,1,1;;;
correct/reloj_154.png,1,1,1;;;
correct/reloj_155.png,1,1,0;;;
correct/reloj_156.png,1,1,0;;;
correct/reloj_157.png,1,1,1;;;
correct/reloj_158.png,1,1,1;;;
correct/reloj_159.png,1,1,1;;;
correct/reloj_160.jpg,1,0,0;;;
correct/reloj_161.jpg,1,0,0;;;
correct/reloj_162.jpg,1,0,0;;;
correct/reloj_163.jpg,1,0,0;;;
correct/reloj_164.jpg,1,0,0;;;
correct/reloj_165.jpg,1,0,0;;;
correct/reloj_166.jpg,1,0,0;;;
correct/reloj_167.jpg,1,0,0;;;
correct/reloj_168.jpg,1,0,0;;;
correct/reloj_169.jpg,1,0,0;;;
correct/reloj_170.jpg,1,1,0;;;
correct/reloj_171.jpg,1,1,0;;;
correct/reloj_172.jpg,1,1,0;;;
correct/reloj_173.jpg,1,1,0;;;
correct/reloj_174.jpg,1,1,0;;;
correct/reloj_175.jpg,1,1,0;;;
correct/reloj_176.jpg,1,1,0;;;
correct/reloj_177.jpg,1,1,0;;;
correct/reloj_178.jpg,1,1,0;;;
correct/reloj_179.jpg,1,1,0;;;
correct/reloj_180.jpg,1,1,0;;;
correct/reloj_181.jpg,1,1,0;;;
correct/reloj_182.jpg,1,1,0;;;
correct/reloj_183.jpg,1,1,0;;;
correct/reloj_184.jpg,1,1,0;;;
correct/reloj_185.jpg,1,1,1;;;
correct/reloj_186.jpg,1,1,1;;;
correct/reloj_187.jpg,1,1,1;;;
correct/reloj_188.jpg,1,1,1;;;
correct/reloj_189.jpg,1,1,1;;;
correct/reloj_190.jpg,1,1,1;;;
correct/reloj_191.jpg,1,1,1;;;
correct/reloj_192.jpg,1,1,1;;;
correct/reloj_193.jpg,1,1,1;;;
correct/reloj_194.jpg,1,1,1;;;
correct/reloj_195.jpg,1,1,1;;;
correct/reloj_196.jpg,1,1,1;;;
correct/reloj_197.jpg,1,1,1;;;
correct/reloj_198.jpg,1,1,1;;;
correct/reloj_199.jpg,1,1,1;;;
correct/reloj_200.jpg,1,1,1;;;
correct/reloj_201.jpg,1,1,1;;;
correct/reloj_202.jpg,1,1,1;;;
correct/reloj_203.jpg,1,1,1;;;
correct/reloj_204.jpg,1,1,1;;;
correct/reloj_205.png,1,0,1;;;
correct/reloj_206.png,1,0,1;;;
correct/reloj_207.png,1,0,1;;;
correct/reloj_208.png,1,0,1;;;
correct/reloj_209.png,0,0,1;;;
correct/reloj_210.png,0,0,1;;;
correct/reloj_211.png,0,0,1;;;
correct/reloj_212.png,0,0,1;;;
correct/reloj_213.png,0,1,1;;;
correct/reloj_214.png,0,1,1;;;
correct/reloj_215.png,0,1,1;;;
correct/reloj_216.png,0,1,1;;;
correct/reloj_217.png,0,1,1;;;
correct/reloj_218.png,0,0,1;;;
correct/reloj_219.png,0,0,1;;;
correct/reloj_220.png,0,0,1;;;
correct/reloj_221.png,0,0,1;;;
correct/reloj_222.png,1,0,1;;;
correct/reloj_223.png,1,0,1;;;
correct/reloj_224.png,1,0,1;;;
correct/reloj_225.png,1,1,1;;;
correct/reloj_226.png,0,1,1;;;
correct/reloj_227.png,0,1,1;;;
correct/reloj_228.png,0,1,1;;;
correct/reloj_229.png,0,1,1;;;
correct/reloj_230.png,0,1,1;;;
correct/reloj_231.png,0,0,1;;;
correct/reloj_232.png,0,0,1;;;
correct/reloj_233.png,0,0,1;;;
correct/reloj_234.png,0,0,1;;;
correct/reloj_235.png,0,0,1;;;
incorrect/reloj_001.png,0,0,0;;;
incorrect/reloj_002.png,0,0,0;;;
incorrect/reloj_003.png,0,0,0;;;
incorrect/reloj_004.png,0,0,0;;;
incorrect/reloj_005.png,0,0,0;;;
incorrect/reloj_006.png,0,0,0;;;
incorrect/reloj_007.png,0,0,0;;;
incorrect/reloj_008.png,0,0,0;;;
incorrect/reloj_009.png,0,0,0;;;
incorrect/reloj_010.png,0,0,0;;;
incorrect/reloj_011.png,0,0,0;;;
incorrect/reloj_012.png,0,0,0;;;
incorrect/reloj_013.png,0,0,0;;;
incorrect/reloj_014.png,0,0,0;;;
incorrect/reloj_015.png,0,0,0;;;
incorrect/reloj_016.png,0,0,0;;;
incorrect/reloj_017.png,0,0,0;;;
incorrect/reloj_018.png,0,0,0;;;
incorrect/reloj_019.png,0,0,0;;;
incorrect/reloj_020.png,0,0,0;;;
incorrect/reloj_021.png,0,0,0;;;
incorrect/reloj_022.png,0,0,0;;;
incorrect/reloj_023.png,0,0,0;;;
incorrect/reloj_024.png,0,0,0;;;
incorrect/reloj_025.png,0,0,0;;;
incorrect/reloj_026.png,0,0,0;;;
incorrect/reloj_027.png,0,0,0;;;
incorrect/reloj_028.png,0,0,0;;;
incorrect/reloj_029.png,0,0,0;;;
incorrect/reloj_030.png,0,0,0;;;
incorrect/reloj_031.png,0,0,0;;;
incorrect/reloj_032.png,0,0,0;;;
incorrect/reloj_033.png,0,0,0;;;
incorrect/reloj_034.png,0,0,0;;;
incorrect/reloj_035.png,0,0,0;;;
incorrect/reloj_036.png,0,0,0;;;
incorrect/reloj_037.png,0,0,0;;;
incorrect/reloj_038.png,0,0,0;;;
incorrect/reloj_039.png,0,0,0;;;
incorrect/reloj_040.png,0,0,0;;;
incorrect/reloj_041.png,0,0,0;;;
incorrect/reloj_042.png,0,0,0;;;
incorrect/reloj_043.png,0,0,0;;;
incorrect/reloj_044.png,0,0,0;;;
incorrect/reloj_045.png,0,0,0;;;
incorrect/reloj_046.png,0,0,0;;;
incorrect/reloj_047.png,0,0,0;;;
incorrect/reloj_048.png,0,0,0;;;
incorrect/reloj_049.png,0,0,0;;;
incorrect/reloj_050.png,0,0,0;;;
incorrect/reloj_051.png,0,0,0;;;
incorrect/reloj_052.png,0,0,0;;;
incorrect/reloj_053.png,0,0,0;;;
incorrect/reloj_054.png,0,0,0;;;
incorrect/reloj_055.png,0,0,0;;;
incorrect/reloj_056.png,0,0,0;;;
incorrect/reloj_057.png,0,0,0;;;
incorrect/reloj_058.png,0,0,0;;;
incorrect/reloj_059.png,0,0,0;;;
incorrect/reloj_060.png,0,0,0;;;
incorrect/reloj_061.png,0,0,0;;;
incorrect/reloj_062.png,0,0,0;;;
incorrect/reloj_063.png,0,0,0;;;
incorrect/reloj_064.png,0,0,0;;;
incorrect/reloj_065.png,0,0,0;;;
incorrect/reloj_066.png,0,0,0;;;
incorrect/reloj_067.png,0,0,0;;;
incorrect/reloj_068.png,0,0,0;;;
incorrect/reloj_069.png,0,0,0;;;
incorrect/reloj_070.png,0,0,0;;;
incorrect/reloj_071.png,0,0,0;;;
incorrect/reloj_072.png,0,0,0;;;
incorrect/reloj_073.png,0,0,0;;;
incorrect/reloj_074.png,0,0,0;;;
incorrect/reloj_075.png,0,0,0;;;
incorrect/reloj_076.png,0,0,0;;;
incorrect/reloj_077.png,0,0,0;;;
incorrect/reloj_078.png,0,0,0;;;
incorrect/reloj_079.png,0,0,0;;;
incorrect/reloj_080.png,0,0,0;;;
incorrect/reloj_081.png,0,0,0;;;
incorrect/reloj_082.png,0,0,0;;;
incorrect/reloj_083.png,0,0,0;;;
incorrect/reloj_084.png,0,0,0;;;
incorrect/reloj_085.png,0,0,0;;;
incorrect/reloj_086.png,0,0,0;;;
incorrect/reloj_087.png,0,0,0;;;
incorrect/reloj_088.png,0,0,0;;;
incorrect/reloj_089.png,0,0,0;;;
incorrect/reloj_090.png,0,0,0;;;
incorrect/reloj_091.png,0,0,0;;;
incorrect/reloj_092.png,0,0,0;;;
incorrect/reloj_093.png,0,0,0;;;
incorrect/reloj_094.png,0,0,0;;;
incorrect/reloj_095.png,0,0,0;;;
incorrect/reloj_096.png,0,0,0;;;
incorrect/reloj_097.png,0,0,0;;;
incorrect/reloj_098.png,0,0,0;;;
incorrect/reloj_099.png,0,0,0;;;
incorrect/reloj_100.png,0,0,0;;;
incorrect/reloj_101.png,0,0,0;;;
incorrect/reloj_102.png,0,0,0;;;
incorrect/reloj_103.png,0,0,0;;;
incorrect/reloj_104.png,0,0,0;;;
incorrect/reloj_105.png,0,0,0;;;
incorrect/reloj_106.png,0,0,0;;;
incorrect/reloj_107.png,0,0,0;;;
incorrect/reloj_108.png,0,0,0;;;
incorrect/reloj_109.png,0,0,0;;;
incorrect/reloj_110.png,0,0,0;;;
incorrect/reloj_111.png,0,0,0;;;
incorrect/reloj_112.png,0,0,0;;;
incorrect/reloj_113.png,0,0,0;;;
incorrect/reloj_114.png,0,0,0;;;
incorrect/reloj_115.png,0,0,0;;;
incorrect/reloj_116.png,0,0,0;;;
incorrect/reloj_117.png,0,0,0;;;
incorrect/reloj_118.png,0,0,0;;;
incorrect/reloj_119.png,0,0,0;;;
incorrect/reloj_120.png,0,0,0;;;
incorrect/reloj_121.png,0,0,0;;;
incorrect/reloj_122.png,0,0,0;;;
incorrect/reloj_123.png,0,0,0;;;
incorrect/reloj_124.png,0,0,0;;;
incorrect/reloj_125.png,0,0,0;;;
incorrect/reloj_126.png,0,0,0;;;
incorrect/reloj_127.png,0,0,0;;;
incorrect/reloj_128.png,0,0,0;;;
incorrect/reloj_129.png,0,0,0;;;
incorrect/reloj_130.png,0,0,0;;;
incorrect/reloj_131.png,0,0,0;;;
incorrect/reloj_132.png,0,0,0;;;
incorrect/reloj_133.png,0,0,0;;;
incorrect/reloj_134.png,0,0,0;;;
incorrect/reloj_135.png,0,0,0;;;
incorrect/reloj_136.png,0,0,0;;;
incorrect/reloj_137.png,0,0,0;;;
incorrect/reloj_138.png,0,0,0;;;
incorrect/reloj_139.png,0,0,0;;;
incorrect/reloj_140.png,0,0,0;;;
incorrect/reloj_141.png,0,0,0;;;
incorrect/reloj_142.png,0,0,0;;;
incorrect/reloj_143.png,0,0,0;;;
incorrect/reloj_144.png,0,0,0;;;
incorrect/reloj_145.png,0,0,0;;;
incorrect/reloj_146.png,0,0,0;;;
incorrect/reloj_147.png,0,0,0;;;
incorrect/reloj_148.png,0,0,0;;;
incorrect/reloj_149.png,0,0,0;;;
incorrect/reloj_150.png,0,0,0;;;
incorrect/reloj_151.png,0,0,0;;;
incorrect/reloj_152.png,0,0,0;;;
incorrect/reloj_153.png,0,0,0;;;
incorrect/reloj_154.png,0,0,0;;;
incorrect/reloj_155.png,0,0,0;;;
incorrect/reloj_156.png,0,0,0;;;
incorrect/reloj_157.png,0,0,0;;;
incorrect/reloj_158.png,0,0,0;;;
incorrect/reloj_159.png,0,0,0;;;
incorrect/reloj_160.png,0,0,0;;;
incorrect/reloj_161.png,0,0,0;;;
incorrect/reloj_162.png,0,0,0;;;
incorrect/reloj_163.png,0,0,0;;;
incorrect/reloj_164.png,0,0,0;;;
incorrect/reloj_165.png,0,0,0;;;
incorrect/reloj_166.png,0,0,0;;;
incorrect/reloj_167.png,0,0,0;;;
incorrect/reloj_168.png,0,0,0;;;
incorrect/reloj_169.png,0,0,0;;;
incorrect/reloj_170.png,0,0,0;;;
incorrect/reloj_171.png,0,0,0;;;
incorrect/reloj_172.png,0,0,0;;;
incorrect/reloj_173.png,0,0,0;;;
incorrect/reloj_174.png,0,0,0;;;
incorrect/reloj_175.png,0,0,0;;;
incorrect/reloj_176.png,0,0,0;;;
incorrect/reloj_177.png,0,0,0;;;
incorrect/reloj_178.png,0,0,0;;;
incorrect/reloj_179.png,0,0,0;;;
incorrect/reloj_180.png,0,0,0;;;
incorrect/reloj_181.png,0,0,0;;;
incorrect/reloj_182.png,0,0,0;;;
incorrect/reloj_183.png,0,0,0;;;
incorrect/reloj_184.png,0,0,0;;;
incorrect/reloj_185.png,0,0,0;;;
incorrect/reloj_186.png,0,0,0;;;
incorrect/reloj_187.png,0,0,0;;;
incorrect/reloj_188.png,0,0,0;;;
incorrect/reloj_189.png,0,0,0;;;
incorrect/reloj_190.png,0,0,0;;;
incorrect/reloj_191.png,0,0,0;;;
incorrect/reloj_192.png,0,0,0;;;
incorrect/reloj_193.png,0,0,0;;;
incorrect/reloj_194.png,0,0,0;;;
incorrect/reloj_195.png,0,0,0;;;
incorrect/reloj_196.png,0,0,0;;;
incorrect/reloj_197.png,0,0,0;;;
incorrect/reloj_198.png,0,0,0;;;
incorrect/reloj_199.png,0,0,0;;;
incorrect/reloj_200.png,0,0,0;;;
incorrect/reloj_201.png,0,0,0;;;
incorrect/reloj_202.png,0,0,0;;;
incorrect/reloj_203.png,0,0,0;;;
incorrect/reloj_204.png,0,0,0;;;
incorrect/reloj_205.png,0,0,0;;;
incorrect/reloj_206.png,0,0,0;;;
incorrect/reloj_207.png,0,0,0;;;
incorrect/reloj_208.png,0,0,0;;;
incorrect/reloj_209.png,0,0,0;;;
incorrect/reloj_210.png,0,0,0;;;
incorrect/reloj_211.png,0,0,0;;;
incorrect/reloj_212.png,0,0,0;;;
incorrect/reloj_213.png,0,0,0;;;
incorrect/reloj_214.png,0,0,0;;;
incorrect/reloj_215.png,0,0,0;;;
incorrect/reloj_216.png,0,0,0;;;
incorrect/reloj_217.png,0,0,0;;;
incorrect/reloj_218.png,0,0,0;;;
incorrect/reloj_219.png,0,0,0;;;
incorrect/reloj_220.png,0,0,0;;;
incorrect/reloj_221.png,0,0,0;;;
incorrect/reloj_222.png,0,0,0;;;
incorrect/reloj_223.png,0,0,0;;;
incorrect/reloj_224.png,0,0,0;;;
incorrect/reloj_225.png,0,0,0;;;
incorrect/reloj_226.png,0,0,0;;;
incorrect/reloj_227.png,0,0,0;;;
incorrect/reloj_228.png,0,0,0;;;
incorrect/reloj_229.png,0,0,0;;;
incorrect/reloj_230.png,0,0,0;;;
incorrect/reloj_231.png,0,0,0;;;
incorrect/reloj_232.png,0,0,0;;;
incorrect/reloj_233.png,0,0,0;;;
incorrect/reloj_234.png,0,0,0;;;
incorrect/reloj_235.png,0,0,0;;;
incorrect/reloj_236.png,0,0,0;;;
incorrect/reloj_237.png,0,0,0;;;
incorrect/reloj_238.png,0,0,0;;;
incorrect/reloj_239.png,0,0,0;;;
incorrect/reloj_240.png,0,0,0;;;
incorrect/reloj_241.png,0,0,0;;;
incorrect/reloj_242.png,0,0,0;;;
incorrect/reloj_243.jpg,0,0,0;;;
incorrect/reloj_244.png,0,0,0;;;
incorrect/reloj_245.jpg,0,0,0;;;
incorrect/reloj_246.png,0,0,0;;;
incorrect/reloj_247.jpg,0,0,0;;;
incorrect/reloj_248.png,0,0,0;;;
incorrect/reloj_249.jpg,0,0,0;;;
incorrect/reloj_250.png,0,0,0;;;
incorrect/reloj_251.jpg,0,0,0;;;
incorrect/reloj_252.png,0,0,0;;;
incorrect/reloj_253.jpg,0,0,0;;;
incorrect/reloj_254.png,0,0,0;;;
incorrect/reloj_255.jpg,0,0,0;;;
incorrect/reloj_256.png,0,0,0;;;
incorrect/reloj_257.jpg,0,0,0;;;
incorrect/reloj_258.png,0,0,0;;;
incorrect/reloj_259.jpg,0,0,0;;;
incorrect/reloj_260.png,0,0,0;;;
incorrect/reloj_261.jpg,0,0,0;;;
incorrect/reloj_262.png,0,0,0;;;
incorrect/reloj_263.jpg,0,0,0;;;
incorrect/reloj_264.png,0,0,0;;;
incorrect/reloj_265.jpg,0,0,0;;;
incorrect/reloj_266.png,0,0,0;;;
incorrect/reloj_267.jpg,0,0,0;;;
incorrect/reloj_268.png,0,0,0;;;
incorrect/reloj_269.jpg,0,0,0;;;
incorrect/reloj_270.png,0,0,0;;;
incorrect/reloj_271.jpg,0,0,0;;;
incorrect/reloj_272.png,0,0,0;;;
incorrect/reloj_273.jpg,0,0,0;;;
incorrect/reloj_274.png,0,0,0;;;
incorrect/reloj_275.jpg,0,0,0;;;
incorrect/reloj_276.png,0,0,0;;;
incorrect/reloj_277.jpg,0,0,0;;;
incorrect/reloj_278.png,0,0,0;;;
incorrect/reloj_279.jpg,0,0,0;;;
incorrect/reloj_280.png,0,0,0;;;
incorrect/reloj_281.jpg,0,0,0;;;
incorrect/reloj_282.png,0,0,0;;;
incorrect/reloj_283.jpg,0,0,0;;;
incorrect/reloj_284.png,0,0,0;;;
incorrect/reloj_285.jpg,0,0,0;;;
incorrect/reloj_286.png,0,0,0;;;
incorrect/reloj_287.jpg,0,0,0;;;
incorrect/reloj_288.png,0,0,0;;;
incorrect/reloj_289.jpg,0,0,0;;;
incorrect/reloj_290.png,0,0,0;;;
incorrect/reloj_291.jpg,0,1,0;;;
incorrect/reloj_292.png,0,0,0;;;
incorrect/reloj_293.jpg,0,1,0;;;
incorrect/reloj_294.png,0,0,0;;;
incorrect/reloj_295.jpg,0,1,0;;;
incorrect/reloj_296.png,0,0,0;;;
incorrect/reloj_297.jpg,0,1,0;;;
incorrect/reloj_298.png,0,0,0;;;
incorrect/reloj_299.jpg,0,1,0;;;
incorrect/reloj_300.png,0,0,0;;;
incorrect/reloj_301.jpg,0,1,0;;;
incorrect/reloj_302.png,0,0,0;;;
incorrect/reloj_303.jpg,0,1,0;;;
incorrect/reloj_304.png,0,0,0;;;
incorrect/reloj_305.jpg,0,1,0;;;
incorrect/reloj_306.png,0,0,0;;;
incorrect/reloj_307.jpg,0,1,0;;;
incorrect/reloj_308.png,0,0,0;;;
incorrect/reloj_309.jpg,0,1,0;;;
incorrect/reloj_310.png,0,0,0;;;
incorrect/reloj_311.jpg,0,1,0;;;
incorrect/reloj_312.png,0,0,0;;;
incorrect/reloj_313.jpg,0,1,0;;;
incorrect/reloj_314.png,0,0,0;;;
incorrect/reloj_315.png,0,0,0;;;
incorrect/reloj_316.png,0,0,0;;;
incorrect/reloj_317.png,0,0,0;;;
